1,Bandages,17
2,Stretcher,19
3,Splint,9
4,Splint,18
5,Stretcher,9
6,Oxygen Tank,15
7,Splint,5
8,Oxygen Tank,14
9,Stretcher,3
10,Defibrillator,4
11,Defibrillator,16
12,Bandages,4
13,Defibrillator,1
14,First Aid Kit,5
15,Bandages,14
16,First Aid Kit,8
17,First Aid Kit,10
18,Defibrillator,20
19,Oxygen Tank,5
20,Defibrillator,5
21,Oxygen Tank,7
22,Bandages,5
23,Oxygen Tank,14
24,Defibrillator,3
25,Stretcher,12
26,Bandages,11
27,Oxygen Tank,13
28,Stretcher,11
29,Bandages,5
30,Stretcher,7
31,Bandages,9
32,First Aid Kit,13
33,First Aid Kit,17
34,Bandages,7
35,Splint,11
36,Stretcher,8
37,Oxygen Tank,3
38,First Aid Kit,3
39,Stretcher,15
40,Stretcher,19
41,Stretcher,2
42,Oxygen Tank,6
43,Defibrillator,4
44,Defibrillator,3
45,Bandages,8
46,First Aid Kit,2
47,Splint,9
48,First Aid Kit,11
49,Splint,20
50,Defibrillator,3
51,Bandages,15
52,Defibrillator,12
53,Splint,2
54,Bandages,14
55,Oxygen Tank,17
56,Defibrillator,17
57,Defibrillator,2
58,Bandages,12
59,Bandages,19
60,Oxygen Tank,1
61,First Aid Kit,1
62,Oxygen Tank,1
63,First Aid Kit,8
64,Defibrillator,8
65,Splint,15
66,Splint,12
67,Splint,15
68,First Aid Kit,11
69,Splint,14
70,Bandages,7
71,Defibrillator,17
72,Oxygen Tank,10
73,Oxygen Tank,20
74,Oxygen Tank,19
75,Splint,1
76,Defibrillator,18
77,First Aid Kit,10
78,Oxygen Tank,2
79,Stretcher,20
80,First Aid Kit,13
81,Splint,12
82,Defibrillator,11
83,Bandages,6
84,Oxygen Tank,3
85,First Aid Kit,15
86,Stretcher,11
87,Defibrillator,18
88,Oxygen Tank,7
89,Bandages,12
90,Splint,12
91,Splint,4
92,Oxygen Tank,7
93,Bandages,9
94,Splint,11
95,Bandages,15
96,Bandages,19
97,Splint,16
98,First Aid Kit,4
99,Stretcher,6
100,Bandages,4
101,Oxygen Tank,7
102,Bandages,8
103,Bandages,19
104,Stretcher,4
105,Splint,15
106,First Aid Kit,17
107,Stretcher,2
108,Splint,18
109,First Aid Kit,8
110,Oxygen Tank,3
111,First Aid Kit,14
112,First Aid Kit,6
113,Bandages,9
114,First Aid Kit,17
115,Splint,1
116,Defibrillator,18
117,First Aid Kit,4
118,Stretcher,15
119,Oxygen Tank,13
120,Splint,19
121,Defibrillator,10
122,Oxygen Tank,19
123,First Aid Kit,9
124,Splint,15
125,First Aid Kit,1
126,Stretcher,7
127,Bandages,1
128,Defibrillator,13
129,Bandages,12
130,Defibrillator,4
131,Stretcher,4
132,First Aid Kit,7
133,First Aid Kit,4
134,Oxygen Tank,15
135,Oxygen Tank,16
136,Defibrillator,14
137,Stretcher,12
138,Defibrillator,14
139,Defibrillator,3
140,Oxygen Tank,6
141,Defibrillator,10
142,Oxygen Tank,10
143,Oxygen Tank,6
144,First Aid Kit,7
145,Defibrillator,19
146,Splint,18
147,Defibrillator,16
148,Stretcher,4
149,Bandages,7
150,Stretcher,7
151,Stretcher,14
152,Defibrillator,16
153,Stretcher,14
154,Defibrillator,8
155,Oxygen Tank,6
156,Oxygen Tank,1
157,Defibrillator,7
158,Stretcher,12
159,Defibrillator,14
160,Oxygen Tank,7
161,First Aid Kit,15
162,Stretcher,8
163,Bandages,10
164,Splint,7
165,Defibrillator,17
166,Splint,17
167,Splint,4
168,Stretcher,9
169,Splint,18
170,Stretcher,2
171,Splint,12
172,Defibrillator,1
173,Bandages,18
174,Splint,11
175,First Aid Kit,7
176,Defibrillator,17
177,Splint,13
178,Splint,20
179,First Aid Kit,20
180,Defibrillator,15
181,Oxygen Tank,20
182,First Aid Kit,19
183,Stretcher,12
184,Defibrillator,16
185,Stretcher,8
186,Defibrillator,10
187,Bandages,9
188,Bandages,9
189,Defibrillator,8
190,First Aid Kit,16
191,First Aid Kit,7
192,Splint,9
193,Splint,18
194,Bandages,19
195,First Aid Kit,12
196,Bandages,1
197,Splint,18
198,Bandages,5
199,Defibrillator,4
200,Splint,17
201,Bandages,3
202,Defibrillator,17
203,Defibrillator,10
204,First Aid Kit,13
205,Oxygen Tank,11
206,Stretcher,9
207,Oxygen Tank,13
208,Stretcher,14
209,First Aid Kit,3
210,Stretcher,5
211,Stretcher,8
212,First Aid Kit,16
213,Stretcher,19
214,Bandages,8
215,First Aid Kit,11
216,Defibrillator,10
217,Defibrillator,2
218,First Aid Kit,18
219,Splint,17
220,Splint,17
221,Stretcher,8
222,Bandages,8
223,Defibrillator,4
224,Defibrillator,16
225,Defibrillator,5
226,First Aid Kit,8
227,Splint,20
228,First Aid Kit,1
229,Oxygen Tank,15
230,Oxygen Tank,14
231,Splint,15
232,Splint,12
233,Splint,20
234,Oxygen Tank,9
235,Defibrillator,3
236,Defibrillator,2
237,Oxygen Tank,5
238,Bandages,15
239,Stretcher,10
240,Bandages,15
241,Stretcher,11
242,Oxygen Tank,11
243,Defibrillator,1
244,Oxygen Tank,15
245,Oxygen Tank,7
246,Defibrillator,7
247,Bandages,7
248,Oxygen Tank,19
249,Defibrillator,5
250,First Aid Kit,3
251,Bandages,2
252,Defibrillator,19
253,Defibrillator,6
254,Stretcher,17
255,Defibrillator,8
256,Bandages,18
257,First Aid Kit,3
258,Defibrillator,10
259,Splint,18
260,Splint,14
261,First Aid Kit,12
262,Oxygen Tank,11
263,Stretcher,15
264,Oxygen Tank,8
265,Splint,20
266,First Aid Kit,18
267,Splint,11
268,Oxygen Tank,18
269,Splint,9
270,First Aid Kit,6
271,Splint,10
272,Oxygen Tank,14
273,Defibrillator,11
274,Defibrillator,18
275,First Aid Kit,6
276,Oxygen Tank,17
277,Oxygen Tank,2
278,First Aid Kit,17
279,Stretcher,7
280,Stretcher,10
281,Splint,6
282,Splint,12
283,Bandages,7
284,First Aid Kit,19
285,Defibrillator,10
286,Defibrillator,11
287,First Aid Kit,14
288,Defibrillator,6
289,Oxygen Tank,10
290,Bandages,10
291,Splint,3
292,Defibrillator,17
293,Defibrillator,3
294,Oxygen Tank,13
295,Stretcher,12
296,Defibrillator,5
297,Defibrillator,12
298,Stretcher,13
299,Stretcher,8
300,Splint,13
301,Stretcher,15
302,Bandages,5
303,Oxygen Tank,11
304,Stretcher,6
305,Oxygen Tank,10
306,Splint,3
307,Splint,2
308,First Aid Kit,1
309,Defibrillator,8
310,Defibrillator,5
311,Defibrillator,13
312,Bandages,18
313,Stretcher,12
314,First Aid Kit,7
315,Bandages,15
316,Defibrillator,9
317,First Aid Kit,4
318,Oxygen Tank,7
319,Oxygen Tank,7
320,Splint,17
321,Bandages,6
322,First Aid Kit,16
323,Bandages,9
324,Defibrillator,3
325,First Aid Kit,2
326,Stretcher,1
327,Defibrillator,7
328,Bandages,7
329,Stretcher,16
330,Bandages,3
331,Defibrillator,10
332,First Aid Kit,9
333,First Aid Kit,17
334,Oxygen Tank,11
335,First Aid Kit,2
336,Splint,1
337,Oxygen Tank,14
338,Oxygen Tank,9
339,Defibrillator,8
340,Defibrillator,10
341,Bandages,5
342,First Aid Kit,19
343,Oxygen Tank,9
344,First Aid Kit,8
345,Stretcher,18
346,Defibrillator,13
347,Stretcher,13
348,Bandages,7
349,Defibrillator,16
350,First Aid Kit,14
351,Oxygen Tank,6
352,First Aid Kit,19
353,Defibrillator,19
354,Bandages,7
355,Splint,7
356,Stretcher,10
357,Stretcher,5
358,Stretcher,18
359,First Aid Kit,6
360,Oxygen Tank,5
361,Stretcher,8
362,First Aid Kit,5
363,Oxygen Tank,11
364,Stretcher,2
365,Stretcher,18
366,Defibrillator,5
367,Stretcher,20
368,Bandages,4
369,Stretcher,7
370,Bandages,15
371,Defibrillator,19
372,Defibrillator,20
373,Splint,17
374,Stretcher,16
375,Stretcher,10
376,Stretcher,5
377,Stretcher,1
378,Stretcher,6
379,Defibrillator,7
380,First Aid Kit,7
381,Stretcher,18
382,Defibrillator,19
383,First Aid Kit,3
384,Defibrillator,11
385,Oxygen Tank,9
386,Oxygen Tank,12
387,Stretcher,11
388,Stretcher,1
389,Stretcher,15
390,First Aid Kit,11
391,Stretcher,19
392,Splint,16
393,Oxygen Tank,17
394,First Aid Kit,7
395,Bandages,8
396,Defibrillator,1
397,First Aid Kit,2
398,Stretcher,2
399,Bandages,1
400,Oxygen Tank,11
